{
   
    "movements": [
        {
            "id": 1,
            "amount": 5449,
            "concept": 1,
            "date": "2022-04-25 20:20:48"
        },
        {
           "id": 2,
            "amount": 8806,
            "concept": 0,
            "date": "2022-05-17 04:56:24"
        },
        {
            "id": 3,
            "amount": 1148,
            "concept": 0,
            "date": "2022-01-05 09:07:52"
        },
        {
            "id": 4,
            "amount": 9234,
            "concept": 0,
            "date": "2022-05-18 02:36:15"
        },
        {
            "id": 5,
            "amount": 4976,
            "concept": 1,
            "date": "2021-12-10 11:08:23"
        },
        {
            "id": 6,
            "amount": 448,
            "concept": 1,
            "date": "2022-02-06 10:55:08"
        },
        {
            "id": 7,
            "amount": 9528,
            "concept": 0,
            "date": "2022-05-27 14:13:43"
        },
        {
            "id": 8,
            "amount": 7719,
            "concept": 0,
            "date": "2022-09-16 18:37:50"
        },
        {
            "id": 9,
            "amount": 3138,
            "concept": 1,
            "date": "2022-06-11 17:18:47"
        },
        {
            "id": 10,
            "amount": 5147,
            "concept": 0,
            "date": "2022-04-10 17:15:52"
        },
        {
            "id": 11,
            "amount": 4387,
            "concept": 1,
            "date": "2021-11-22 19:32:49"
        },
        {
            "id": 12,
            "amount": 6903,
            "concept": 0,
            "date": "2022-10-01 18:50:39"
        },
        {
            "id": 13,
            "amount": 6644,
            "concept": 0,
            "date": "2021-11-11 14:04:33"
        },
        {
            "id": 14,
            "amount": 4147,
            "concept": 1,
            "date": "2022-05-13 15:48:47"
        },
        {
            "id": 15,
            "amount": 3136,
            "concept": 0,
            "date": "2021-11-13 12:10:28"
        },
        {
            "id": 16,
            "amount": 6085,
            "concept": 0,
            "date": "2022-02-16 14:18:58"
        },
        {
            "id": 17,
            "amount": 999,
            "concept": 0,
            "date": "2022-08-15 21:35:44"
        },
        {
            "id": 18,
            "amount": 4978,
            "concept": 1,
            "date": "2022-06-14 03:24:58"
        },
        {
            "id": 19,
            "amount": 5587,
            "concept": 0,
            "date": "2021-12-31 10:01:14"
        },
        {
            "id": 20,
            "amount": 9242,
            "concept": 1,
            "date": "2022-03-16 19:12:40"
        },
        {
            "id": 21,
            "amount": 2194,
            "concept": 0,
            "date": "2022-01-09 20:19:34"
        },
        {
            "id": 22,
            "amount": 3764,
            "concept": 1,
            "date": "2021-10-08 08:41:36"
        },
        {
            "id": 23,
            "amount": 6462,
            "concept": 1,
            "date": "2022-08-22 21:36:43"
        },
        {
            "id": 24,
            "amount": 3196,
            "concept": 0,
            "date": "2022-07-19 00:01:35"
        },
        {
            "id": 25,
            "amount": 2916,
            "concept": 0,
            "date": "2022-08-02 23:43:23"
        },
        {
            "id": 26,
            "amount": 5339,
            "concept": 1,
            "date": "2022-06-26 13:51:54"
        },
        {
            "id": 27,
            "amount": 8031,
            "concept": 0,
            "date": "2022-06-15 09:21:20"
        },
        {
            "id": 28,
            "amount": 8438,
            "concept": 0,
            "date": "2021-11-12 20:55:10"
        },
        {
            "id": 29,
            "amount": 5738,
            "concept": 0,
            "date": "2022-01-26 14:40:54"
        },
        {
            "id": 30,
            "amount": 2850,
            "concept": 0,
            "date": "2022-07-06 00:05:38"
        },
        {
            "id": 31,
            "amount": 7859,
            "concept": 0,
            "date": "2022-05-08 21:55:48"
        },
        {
            "id": 32,
            "amount": 2132,
            "concept": 1,
            "date": "2022-05-10 21:31:49"
        },
        {
            "id": 33,
            "amount": 4293,
            "concept": 1,
            "date": "2022-07-18 03:38:36"
        },
        {
            "id": 34,
            "amount": 6850,
            "concept": 0,
            "date": "2022-02-04 17:45:56"
        },
        {
            "id": 35,
            "amount": 9135,
            "concept": 1,
            "date": "2022-06-25 10:58:48"
        },
        {
            "id": 36,
            "amount": 147,
            "concept": 0,
            "date": "2022-01-19 11:24:32"
        },
        {
            "id": 37,
            "amount": 7764,
            "concept": 0,
            "date": "2022-03-16 09:29:34"
        },
        {
            "id": 38,
            "amount": 957,
            "concept": 0,
            "date": "2022-02-14 11:58:53"
        },
        {
            "id": 39,
            "amount": 2890,
            "concept": 1,
            "date": "2021-12-18 14:17:09"
        },
        {
            "id": 40,
            "amount": 2563,
            "concept": 0,
            "date": "2022-05-09 10:43:49"
        },
        {
            "id": 41,
            "amount": 3297,
            "concept": 0,
            "date": "2022-06-21 17:19:33"
        },
        {
            "id": 42,
            "amount": 9591,
            "concept": 0,
            "date": "2021-11-25 19:05:35"
        },
        {
            "id": 43,
            "amount": 3349,
            "concept": 0,
            "date": "2021-12-05 06:12:20"
        },
        {
            "id": 44,
            "amount": 8672,
            "concept": 1,
            "date": "2021-12-30 21:18:33"
        },
        {
            "id": 45,
            "amount": 8642,
            "concept": 1,
            "date": "2022-08-11 09:30:32"
        },
        {
            "id": 46,
            "amount": 7367,
            "concept": 0,
            "date": "2022-06-18 20:19:59"
        },
        {
            "id": 47,
            "amount": 8077,
            "concept": 1,
            "date": "2022-08-08 03:49:35"
        },
        {
            "id": 48,
            "amount": 6899,
            "concept": 1,
            "date": "2022-02-11 08:16:51"
        },
        {
            "id": 49,
            "amount": 6472,
            "concept": 0,
            "date": "2022-03-21 09:36:02"
        },
        {
            "id": 50,
            "amount": 3525,
            "concept": 0,
            "date": "2022-02-23 10:49:25"
        }
    ]
}

